{"screen":[{"frame":{"action":"drag","asset":"{WINDOW_BACKGROUND}","bounds":[0,0,738,468],"box":[0,0,738,81]}},{"button":{"action":"exit","bounds":[14,8,14,14],"image_disabled":"btn_mac_disabled.png","image_down":"btn_mac_red_pressed.png","image_hover":"btn_mac_red_hover.png","image_up":"btn_mac_red_normal.png","state":2}},{"button":{"action":"minimize","bounds":[30,8,14,14],"image_disabled":"btn_mac_disabled.png","image_down":"btn_mac_yellow_pressed.png","image_hover":"btn_mac_yellow_hover.png","image_up":"btn_mac_yellow_normal.png","state":2}},{"button":{"action":"exit","bounds":[254,405,92,36],"id":"cancel_button","image_disabled":"btn_small_disabled.png","image_down":"btn_small_down.png","image_hover":"btn_small_over.png","image_up":"btn_small_normal.png","size":13,"state":2,"text":"{Btn_Cancel}","text_color_down":[0,0.6824,1.0,1.0],"text_color_hover":[0,0.6824,1.0,1.0],"text_color_up":[0,0.6824,1.0,1.0]}},{"button":{"action":"launch","bounds":[552,405,165,36],"id":"launch_button","image_disabled":"btn_long_disabled.png","image_down":"btn_long_down.png","image_hover":"btn_long_over.png","image_up":"btn_long_normal.png","size":15,"state":1,"text":"{Btn_Launch}","text_color_disabled":[1.0,1.0,1.0,0.1],"text_color_down":[1.0,1.0,1.0,1.0],"text_color_hover":[1.0,1.0,1.0,1.0],"text_color_up":[1.0,1.0,1.0,1.0]}},{"label":{"bounds":[260,40,425,100],"color":[1,1,1,1],"id":"install_header","size":22,"text":"{Install_Header}"}},{"label":{"bounds":[261,160,450,30],"color":[1,1,1,0.8],"id":"install_progress_text","size":15}},{"label":{"bounds":[261,195,450,20],"color":[1,1,1,1],"id":"install_zone_text","size":13}},{"radiobuttonpanel":{"bounds":[261,240,450,100],"id":"panel","padding":[2,13],"radiobutton":{"image_bg":"radiobutton_bg.png","image_bounds":[0,0,20,20],"image_selected":"radiobutton_selection.png","label":{"bounds":[27,0,400,20],"color":[1,1,1,0.7],"layout":[true,false,true,false],"size":15}}}},{"progress":{"bar_range":[6,6,439,10],"bounds":[255,212,451,22],"id":"install_progress","image_progress_empty":"progressbar_large_empty.png","image_progress_full":"progressbar_large_full.png","image_progress_lead":"progressbar_lead.png","lead_box":[-51,-9,60,28]}}]}