{"screen":[{"frame":{"action":"drag","asset":"{WINDOW_BACKGROUND}","bounds":[0,0,738,468],"box":[0,0,738,81]}},{"button":{"action":"exit","bounds":[14,8,14,14],"image_disabled":"btn_mac_disabled.png","image_down":"btn_mac_red_pressed.png","image_hover":"btn_mac_red_hover.png","image_up":"btn_mac_red_normal.png","state":2}},{"button":{"action":"minimize","bounds":[30,8,14,14],"image_disabled":"btn_mac_disabled.png","image_down":"btn_mac_yellow_pressed.png","image_hover":"btn_mac_yellow_hover.png","image_up":"btn_mac_yellow_normal.png","state":2}},{"label":{"bounds":[260,40,440,40],"color":[1,1,1,1],"id":"install_header","size":22,"text":"{Install_Header}"}},{"label":{"bounds":[260,118,440,30],"color":[1,1,1,1],"id":"Options_Location_Header","size":16,"text":"{Options_Location_Header}"}},{"image":{"asset":"img_line_h.png","bounds":[260,142,440,1],"id":"install_horizontal_line"}},{"status":{"alt_color":[1,0.047,0.047,1],"bounds":[260,153,370,30],"color":[1,1,1,0.7],"id":"bnet_install_location","image":"img_deny.png","image_box":[5,4,11,11],"layout":[true,false,false,true],"size":13}},{"link":{"action":"change_bnet","bounds":[645,153,80,30],"color":[0,0.6824,1,0.7],"down_color":[0,0.6824,1,1],"hilight_color":[0,0.6824,1,1],"id":"bnet_change_install_location","size":13,"state":1,"text":"{Options_Link_Change}","visited":false,"visited_color":[0,0.6824,1,0.7]}},{"status":{"alt_color":[1,0.047,0.047,1],"bounds":[260,173,440,30],"color":[1,1,1,0.7],"id":"bnet_install_space","image":"img_deny.png","image_box":[5,4,11,11],"size":13}},{"label":{"bounds":[260,193,440,20],"color":[1,0.047,0.047,1],"id":"install_form_error","size":13,"visible":false}},{"checkbox":{"action":"eula_selected_changed","bounds":[260,223,0,0],"checked":false,"id":"eula_shortcut_checkbox","image_bg":"btn_chk_box.png","image_bounds":[0,0,20,20],"image_selected":"btn_chk_mark.png"}},{"link":{"action":"click_eula_link","bounds":[290,223,410,80],"color":[0,0.6824,1,0.7],"down_color":[0,0.6824,1,1],"hilight_color":[0,0.6824,1,1],"image":"img_link.png","image_box":[5,4,11,10],"size":13,"state":1,"text":"{Options_Eula_Link}","visited":false,"visited_color":[0,0.6824,1,0.7]}},{"label":{"bounds":[260,323,440,20],"color":[1,1,1,1.0],"id":"uninstall_instructions_header","size":14,"text":"{Uninstall_Header}","visible":false}},{"image":{"asset":"img_line_h.png","bounds":[260,344,440,1],"id":"uninstall_instructions_border","visible":false}},{"label":{"bounds":[260,352,430,50],"color":[1,1,1,0.7],"id":"uninstall_instructions_description","size":12,"visible":false}},{"button":{"action":"install","bounds":[552,405,165,36],"id":"install_button","image_disabled":"btn_long_disabled.png","image_down":"btn_long_down.png","image_hover":"btn_long_over.png","image_up":"btn_long_normal.png","size":15,"state":2,"text":"{Btn_Continue}","text_color_disabled":[1.0,1.0,1.0,0.1],"text_color_down":[1.0,1.0,1.0,1.0],"text_color_hover":[1.0,1.0,1.0,1.0],"text_color_up":[1.0,1.0,1.0,1.0]}}]}